"Year","Location","Name","ICU Rating","FIDE rating","Title","Score",,,,,,,,,,,,,,,,,,,,,,,,,,
1981,"Dublin ","David Dunne",2359,"na","NM",,,,,,,,,,,,,,,,,,,,,,,,,,,
1981,"Dublin ","Philip Short",2282,,,,,,,,,,,,,,,,,,,,,,,,,,,,,
1981,"Dublin ","John Delaney",2236,,,,,,,,,,,,,,,,,,,,,,,,,,,,,
1981,"Dublin ","Paul Delaney",2358,,"NM",,,,,,,,,,,,,,,,,,,,,,,,,,,
1981,"Dublin ","Doyle",2286,,,,,,,,,,,,,,,,,,,,,,,,,,,,,
1981,"Dublin ","A McCarthy",2235,,,,,,,,,,,,,,,,,,,,,,,,,,,,,
1981,"Dublin ","Eamon Keogh",2209,,"NM",,,,,,,,,,,,,,,,,,,,,,,,,,,
1981,"Dublin ","Michael Littleton",2187,,"NM",,,,,,,,,,,,,,,,,,,,,,,,,,,
1981,"Dublin ","Alan Ludgate",2214,,"NM",,,,,,,,,,,,,,,,,,,,,,,,,,,
1981,"Dublin ","Pye",2193,,,,,,,,,,,,,,,,,,,,,,,,,,,,,
1981,"Dublin ","Wallace",2199,,,,,,,,,,,,,,,,,,,,,,,,,,,,,
1981,"Dublin ","Barry",2233,,,,,,,,,,,,,,,,,,,,,,,,,,,,,
1981,"Dublin ","O Connell",2165,,,,,,,,,,,,,,,,,,,,,,,,,,,,,
1981,"Dublin ","Russell",1849,,,,,,,,,,,,,,,,,,,,,,,,,,,,,
1981,"Dublin ","Smith ",2030,,,,,,,,,,,,,,,,,,,,,,,,,,,,,
1981,"Dublin ","Carton",2074,,,,,,,,,,,,,,,,,,,,,,,,,,,,,
1981,"Dublin ","Cassidy",2061,,,,,,,,,,,,,,,,,,,,,,,,,,,,,
1981,"Dublin ","Lyons",2043,,,,,,,,,,,,,,,,,,,,,,,,,,,,,
1981,"Dublin ","O Brien",1917,,,,,,,,,,,,,,,,,,,,,,,,,,,,,
1981,"Dublin ","O Hanlon",1965,,,,,,,,,,,,,,,,,,,,,,,,,,,,,
1981,"Dublin ","O Reilly ",2125,,,,,,,,,,,,,,,,,,,,,,,,,,,,,
1981,"Dublin ","Quinn ",2063,,,,,,,,,,,,,,,,,,,,,,,,,,,,,
1981,"Dublin ","Ryan",2001,,,,,,,,,,,,,,,,,,,,,,,,,,,,,
1981,"Dublin ","Byrne",2036,,,,,,,,,,,,,,,,,,,,,,,,,,,,,
1981,"Dublin ","Coffey",2143,,,,,,,,,,,,,,,,,,,,,,,,,,,,,
1981,"Dublin ","Cronin ",1919,,,,,,,,,,,,,,,,,,,,,,,,,,,,,
1981,"Dublin ","J Kennedy",2011,,,,,,,,,,,,,,,,,,,,,,,,,,,,,
1981,"Dublin ","Martin",2020,,,,,,,,,,,,,,,,,,,,,,,,,,,,,
1981,"Dublin ","McDonnell",2022,,,,,,,,,,,,,,,,,,,,,,,,,,,,,
1981,"Dublin ","McGill",1974,,,,,,,,,,,,,,,,,,,,,,,,,,,,,
1981,"Dublin ","O Connor",1903,,,,,,,,,,,,,,,,,,,,,,,,,,,,,
1981,"Dublin ","T McCarthy",1960,,,,,,,,,,,,,,,,,,,,,,,,,,,,,
1981,"Dublin ","O Shaughnessy",1980,,,,,,,,,,,,,,,,,,,,,,,,,,,,,
1981,"Dublin ","Smyth",2089,,,,,,,,,,,,,,,,,,,,,,,,,,,,,
1981,"Dublin ","Coldrick",2014,,,,,,,,,,,,,,,,,,,,,,,,,,,,,
1981,"Dublin ","Artt",1953,,,,,,,,,,,,,,,,,,,,,,,,,,,,,
1981,"Dublin ","Rea",1979,,,,,,,,,,,,,,,,,,,,,,,,,,,,,
1981,"Dublin ","M Kennedy",1926,,,,,,,,,,,,,,,,,,,,,,,,,,,,,
1995,"Dublin","Brian Kelly",2168,"na","na","na",7,,,,,,,,,,,,,,,,,,,,,,,,,
1995,"Dublin","Kieran Moynihan",2130,,,,6,,,,,,,,,,,,,,,,,,,,,,,,,
1995,"Dublin","Colm Daly",2301,,,,6,,,,,,,,,,,,,,,,,,,,,,,,,
1995,"Dublin","Conor O Shaughnessy",2218,,,,6,,,,,,,,,,,,,,,,,,,,,,,,,
1995,"Dublin","Tim Harding",2135,,,,5.5,,,,,,,,,,,,,,,,,,,,,,,,,
1995,"Dublin","Joe Ryan",2182,,,,5.5,,,,,,,,,,,,,,,,,,,,,,,,,
1995,"Dublin","Stephen Brady",2231,,,,5.5,,,,,,,,,,,,,,,,,,,,,,,,,
1995,"Dublin","Anthony Fox",2041,,,,5.5,,,,,,,,,,,,,,,,,,,,,,,,,
1995,"Dublin","Peter Cafolla",2043,,,,5,,,,,,,,,,,,,,,,,,,,,,,,,
1995,"Dublin","John Hurley",2008,,,,5,,,,,,,,,,,,,,,,,,,,,,,,,
1995,"Dublin","Michael Welsh",2094,,,,5,,,,,,,,,,,,,,,,,,,,,,,,,
1995,"Dublin","Tom Clarke",2049,,,,5,,,,,,,,,,,,,,,,,,,,,,,,,
1995,"Dublin","Ray Byrne",1962,,,,5,,,,,,,,,,,,,,,,,,,,,,,,,
1995,"Dublin","Jim McCarthy",2012,,,,4.5,,,,,,,,,,,,,,,,,,,,,,,,,
1995,"Dublin","Cormac Brady",1935,,,,4.5,,,,,,,,,,,,,,,,,,,,,,,,,
1995,"Dublin","Gerry O Connell",2153,,,,4,,,,,,,,,,,,,,,,,,,,,,,,,
1995,"Dublin","Bernard Palmer",1932,,,,4,,,,,,,,,,,,,,,,,,,,,,,,,
1995,"Dublin","Jack Killane",1871,,,,4,,,,,,,,,,,,,,,,,,,,,,,,,
1995,"Dublin","Alan Peart",2112,,,,3.5,,,,,,,,,,,,,,,,,,,,,,,,,
1995,"Dublin","Gerry McElligott",1974,,,,3.5,,,,,,,,,,,,,,,,,,,,,,,,,
1995,"Dublin","Gareth Lewis",1871,,,,3.5,,,,,,,,,,,,,,,,,,,,,,,,,
1995,"Dublin","Hugh Cummins",1968,,,,3.5,,,,,,,,,,,,,,,,,,,,,,,,,
1995,"Dublin","Alan Muntadas",1883,,,,3,,,,,,,,,,,,,,,,,,,,,,,,,
1995,"Dublin","Danny Roberts",1820,,,,2.5,,,,,,,,,,,,,,,,,,,,,,,,,
1995,"Dublin","John Nicholson",1910,,,,2,,,,,,,,,,,,,,,,,,,,,,,,,
1995,"Dublin","Ann Delaney",1825,,,,1.5,,,,,,,,,,,,,,,,,,,,,,,,,
1996,"Dublin","Richard O Donovan",2116,"na","na","na",,,,,,,,,,,,,,,,,,,,,,,,,,
1996,"Dublin","Tom Clarke",2120,,,,,,,,,,,,,,,,,,,,,,,,,,,,,
1996,"Dublin","Colm Daly",2291,,,,,,,,,,,,,,,,,,,,,,,,,,,,,
1996,"Dublin","Mark Quinn",2342,,,,,,,,,,,,,,,,,,,,,,,,,,,,,
1996,"Dublin","Stephen Brady",2293,,,,,,,,,,,,,,,,,,,,,,,,,,,,,
1996,"Dublin","Mark Heidenfeld",2302,,,,,,,,,,,,,,,,,,,,,,,,,,,,,
1996,"Dublin","Mel O Cinneide",2178,,,,,,,,,,,,,,,,,,,,,,,,,,,,,
1996,"Dublin","Gerry O Connell",2162,,,,,,,,,,,,,,,,,,,,,,,,,,,,,
1996,"Dublin","John Hurley",2101,,,,,,,,,,,,,,,,,,,,,,,,,,,,,
1996,"Dublin","Daire McMahon",2164,,,,,,,,,,,,,,,,,,,,,,,,,,,,,
1996,"Dublin","Andrew Smith",2249,,,,,,,,,,,,,,,,,,,,,,,,,,,,,
1996,"Dublin","Joe Ryan",2237,,,,,,,,,,,,,,,,,,,,,,,,,,,,,
1996,"Dublin","Conor O Shaughnessy",2201,,,,,,,,,,,,,,,,,,,,,,,,,,,,,
1996,"Dublin","Eamon Keogh",2048,,,"NM",,,,,,,,,,,,,,,,,,,,,,,,,,
1996,"Dublin","Anthony Fox",2017,,,,,,,,,,,,,,,,,,,,,,,,,,,,,
1996,"Dublin","Richard O Brien",2185,,,,,,,,,,,,,,,,,,,,,,,,,,,,,
1996,"Dublin","Cormac Brady",1911,,,,,,,,,,,,,,,,,,,,,,,,,,,,,
1996,"Dublin","Alan Muntadas",1927,,,,,,,,,,,,,,,,,,,,,,,,,,,,,
1996,"Dublin","Ray O Rourke",1864,,,,,,,,,,,,,,,,,,,,,,,,,,,,,
1996,"Dublin","Peter Cafolla",1967,,,,,,,,,,,,,,,,,,,,,,,,,,,,,
1996,"Dublin","Michael Welsh",2046,,,,,,,,,,,,,,,,,,,,,,,,,,,,,
1996,"Dublin","Martin Crichton",1905,,,,,,,,,,,,,,,,,,,,,,,,,,,,,
1996,"Dublin","Liam Porter",1928,,,,,,,,,,,,,,,,,,,,,,,,,,,,,
1996,"Dublin","Peter Cafolla",1967,,,,,,,,,,,,,,,,,,,,,,,,,,,,,
1996,"Dublin","Bernard Palmer",1889,,,,,,,,,,,,,,,,,,,,,,,,,,,,,
1997,"Dublin","Joe Ryan",2285,,,,8.5,,,,,,,,,,,,,,,,,,,,,,,,,
1997,"Dublin","Stephen Brady",2320,,,,8,,,,,,,,,,,,,,,,,,,,,,,,,
1997,"Dublin","Colm Daly",2309,,,,7,,,,,,,,,,,,,,,,,,,,,,,,,
1997,"Dublin","Daire McMahon",2139,,,,5,,,,,,,,,,,,,,,,,,,,,,,,,
1997,"Dublin","Gerry O Connell",2151,,,,5,,,,,,,,,,,,,,,,,,,,,,,,,
1997,"Dublin","Eamon Keogh",2015,,,"NM",4.5,,,,,,,,,,,,,,,,,,,,,,,,,
1997,"Dublin","Anthony Fox",2064,,,,4.5,,,,,,,,,,,,,,,,,,,,,,,,,
1997,"Dublin","Richard O Donovan ",2132,,,,4,,,,,,,,,,,,,,,,,,,,,,,,,
1997,"Dublin","Liam Porter",1949,,,,4,,,,,,,,,,,,,,,,,,,,,,,,,
1997,"Dublin","Peter Cafolla",1959,,,,4,,,,,,,,,,,,,,,,,,,,,,,,,
1997,"Dublin","Danny Roberts",1905,,,,4,,,,,,,,,,,,,,,,,,,,,,,,,
1997,"Dublin","Sean O Kearney",,,,,4,,,,,,,,,,,,,,,,,,,,,,,,,
1997,"Dublin","John Joyce",2108,,,,4,,,,,,,,,,,,,,,,,,,,,,,,,
1997,"Dublin","Tom Clarke",2086,,,,4,,,,,,,,,,,,,,,,,,,,,,,,,
1997,"Dublin","Paul Dempsey",1991,,,,3.5,,,,,,,,,,,,,,,,,,,,,,,,,
1997,"Dublin","Cormac Brady",1879,,,,3.5,,,,,,,,,,,,,,,,,,,,,,,,,
1997,"Dublin","David Salter",1898,,,,2.5,,,,,,,,,,,,,,,,,,,,,,,,,
1997,"Dublin","Ray O Rourke",1847,,,,1,,,,,,,,,,,,,,,,,,,,,,,,,
1998,"Dublin","Colm Daly",2295,2295,"FM",,,,,,,,,,,,,,,,,,,,,,,,,,,
1998,"Dublin","Mark Heidenfeld",2288,2335,"FM",,,,,,,,,,,,,,,,,,,,,,,,,,,
1998,"Dublin","Mel O Cinneide",2228,2285,"na",,,,,,,,,,,,,,,,,,,,,,,,,,,
1998,"Dublin","Anthony Fox",2022,2115,"na",,,,,,,,,,,,,,,,,,,,,,,,,,,
1998,"Dublin","Mark Quinn",2308,2350,"FM",,,,,,,,,,,,,,,,,,,,,,,,,,,
1998,"Dublin","Gerard O Connell",2174,2180,"na",,,,,,,,,,,,,,,,,,,,,,,,,,,
1998,"Dublin","Tom Clarke",2075,2195,"na",,,,,,,,,,,,,,,,,,,,,,,,,,,
1998,"Dublin","Danielle Collins",1923,"na","na",,,,,,,,,,,,,,,,,,,,,,,,,,,
1998,"Dublin","Brian Fitzpatrick",1984,"na","na",,,,,,,,,,,,,,,,,,,,,,,,,,,
1998,"Dublin","Ray O Rourke",1963,2095,"na",,,,,,,,,,,,,,,,,,,,,,,,,,,
1998,"Dublin","Stephen Scannell",2133,2095,"na",,,,,,,,,,,,,,,,,,,,,,,,,,,
1998,"Dublin","Michael Dooley",1882,"na","na",,,,,,,,,,,,,,,,,,,,,,,,,,,
1998,"Dublin","Colm Fitzpatrick",1859,"na","na",,,,,,,,,,,,,,,,,,,,,,,,,,,
1998,"Dublin","Richard O Donovan",2134,2195,"na",,,,,,,,,,,,,,,,,,,,,,,,,,,
1998,"Dublin","Cormac Brady",1852,2065,"na",,,,,,,,,,,,,,,,,,,,,,,,,,,
1998,"Dublin","Adam Kelly",1910,"na","na",,,,,,,,,,,,,,,,,,,,,,,,,,,
1998,"Dublin","Liam Porter",1949,"na","na",,,,,,,,,,,,,,,,,,,,,,,,,,,
1998,"Dublin","Peter Cafolla",2048,2110,"na",,,,,,,,,,,,,,,,,,,,,,,,,,,
1998,"Dublin","John Kennedy",1848,2080,"na",,,,,,,,,,,,,,,,,,,,,,,,,,,
1998,"Dublin","Danny Roberts",1877,"na","na",,,,,,,,,,,,,,,,,,,,,,,,,,,
2000,"Limerick","Mark Heidenfeld",2334,2328,"IM",,,,,,,,,,,,,,,,,,,,,,,,,,,
2000,"Limerick","Sam Collins",2186,2130,"FM",,,,,,,,,,,,,,,,,,,,,,,,,,,
2000,"Limerick","Philip Short",2197,2295,"na",,,,,,,,,,,,,,,,,,,,,,,,,,,
2000,"Limerick","Gavin Wall",2300,2352,"na",,,,,,,,,,,,,,,,,,,,,,,,,,,
2000,"Limerick","Daire McMahon",2117,"na","na",,,,,,,,,,,,,,,,,,,,,,,,,,,
2000,"Limerick","Tom Clarke",2155,2196,"na",,,,,,,,,,,,,,,,,,,,,,,,,,,
2000,"Limerick","Colm Daly",2327,2377,"FM",,,,,,,,,,,,,,,,,,,,,,,,,,,
2000,"Limerick ","Paul Walsh",1852,"na","na",,,,,,,,,,,,,,,,,,,,,,,,,,,
2000,"Limerick ","Anthony Fox",2057,2103,"na",,,,,,,,,,,,,,,,,,,,,,,,,,,
2000,"Limerick","Pat McMahon",1738,"na","na",,,,,,,,,,,,,,,,,,,,,,,,,,,
2000,"Limerick","Eamon Keogh",2095,2167,"NM",,,,,,,,,,,,,,,,,,,,,,,,,,,
2000,"Limerick","David Path",1720,"na","na",,,,,,,,,,,,,,,,,,,,,,,,,,,
2004,"Limerick","Joe Ryan",2316,2294,"FM",,,,,,,,,,,,,,,,,,,,,,,,,,,
2004,"Limerick","Gawain Jones",2453,2453,"FM",,,,,,,,,,,,,,,,,,,,,,,,,,,
2004,"Limerick","Philip Short",2298,2298,"FM",,,,,,,,,,,,,,,,,,,,,,,,,,,
2004,"Limerick","Gordon Freeman",1956,2066,"na",,,,,,,,,,,,,,,,,,,,,,,,,,,
2004,"Limerick","Stephen Jessel",2065,2238,"na",,,,,,,,,,,,,,,,,,,,,,,,,,,
2004,"Limerick","John Joyce",2235,2271,"na",,,,,,,,,,,,,,,,,,,,,,,,,,,
2004,"Limerick","Karl McPhillips",2099,2172,"na",,,,,,,,,,,,,,,,,,,,,,,,,,,
2004,"Limerick","Mark Orr",2273,2338,"IM",,,,,,,,,,,,,,,,,,,,,,,,,,,
2004,"Limerick","Stephen Brady",2365,2365,"FM",,,,,,,,,,,,,,,,,,,,,,,,,,,
2004,"Limerick","Josef Mudrak",2353,2353,"FM",,,,,,,,,,,,,,,,,,,,,,,,,,,
2004,"Limerick","Allen Beveridge",2138,2138,"na",,,,,,,,,,,,,,,,,,,,,,,,,,,
2004,"Limerick","Edmund Soh",2068,2068,"na",,,,,,,,,,,,,,,,,,,,,,,,,,,
2004,"Limerick","Paul Wallace",2211,2171,"na",,,,,,,,,,,,,,,,,,,,,,,,,,,
2004,"Limerick","Paul Walsh",1991,2052,"na",,,,,,,,,,,,,,,,,,,,,,,,,,,
2004,"Limerick","Anthony Fox",2059,2123,"na",,,,,,,,,,,,,,,,,,,,,,,,,,,
2004,"Limerick","Tom Healy",1889,"na","na",,,,,,,,,,,,,,,,,,,,,,,,,,,
2004,"Limerick","Eamon Keogh",1938,2123,"NM",,,,,,,,,,,,,,,,,,,,,,,,,,,
2004,"Limerick","Rory Quinn",1868,"na","na",,,,,,,,,,,,,,,,,,,,,,,,,,,
2004,"Limerick","Kevin White",2045,2045,"na",,,,,,,,,,,,,,,,,,,,,,,,,,,
2004,"Limerick","Ray Byrne",1941,"na","na",,,,,,,,,,,,,,,,,,,,,,,,,,,
2005,"Dublin","Daly Colm",2343,2343,"FM",,,,,,,,,,,,,,,,,,,,,,,,,,,
2005,"Dublin","Brady Stephen",2346,2320,"FM",,,,,,,,,,,,,,,,,,,,,,,,,,,
2005,"Dublin","McPhillips Karl",2199,2225,"na",,,,,,,,,,,,,,,,,,,,,,,,,,,
2005,"Dublin","Jessel Stephen",2227,2285,"na",,,,,,,,,,,,,,,,,,,,,,,,,,,
2005,"Dublin","Short Philip",2238,2300,"FM",,,,,,,,,,,,,,,,,,,,,,,,,,,
2005,"Dublin","Jeffares Simon",2077,2077,"na",,,,,,,,,,,,,,,,,,,,,,,,,,,
2005,"Dublin","O'Connell Gerard",2088,2134,"na",,,,,,,,,,,,,,,,,,,,,,,,,,,
2005,"Dublin","O'Donovan Richard",1981,2155,"na",,,,,,,,,,,,,,,,,,,,,,,,,,,
2005,"Dublin","Fitzsimons David",1888,"na","na",,,,,,,,,,,,,,,,,,,,,,,,,,,
2005,"Dublin","Fox Anthony",2014,2118,"na",,,,,,,,,,,,,,,,,,,,,,,,,,,
2005,"Dublin","Freeman Gordon",2101,2101,"na",,,,,,,,,,,,,,,,,,,,,,,,,,,
2005,"Dublin","MacElligott Gerard",2054,2128,"na",,,,,,,,,,,,,,,,,,,,,,,,,,,
2005,"Dublin","O'Rourke Ray",1839,2071,"na",,,,,,,,,,,,,,,,,,,,,,,,,,,
2005,"Dublin","Beveridge Allan",2054,2128,"na",,,,,,,,,,,,,,,,,,,,,,,,,,,
2005,"Dublin","Boyle Bernard",1800,"na","na",,,,,,,,,,,,,,,,,,,,,,,,,,,
2005,"Dublin","Murray David B.",2001,1985,"na",,,,,,,,,,,,,,,,,,,,,,,,,,,
2005,"Dublin","English Kieran",1873,"na","na",,,,,,,,,,,,,,,,,,,,,,,,,,,
2005,"Dublin","Salter David",1916,,"na",,,,,,,,,,,,,,,,,,,,,,,,,,,
2005,"Dublin","O'Leary Matt",1787,"na","na",,,,,,,,,,,,,,,,,,,,,,,,,,,
2005,"Dublin","Palmer Bernard",1870,2018,"FM",,,,,,,,,,,,,,,,,,,,,,,,,,,
2006,"Dublin","Brady Stephen",2339,2344,"FM",,,,,,,,,,,,,,,,,,,,,,,,,,,
2006,"Dublin","Jessel Stephen",2350,2223,"FM",,,,,,,,,,,,,,,,,,,,,,,,,,,
2006,"Dublin","Short Philip",2284,"na","FM",,,,,,,,,,,,,,,,,,,,,,,,,,,
2006,"Dublin","Daly Colm",2357,2336,"na",,,,,,,,,,,,,,,,,,,,,,,,,,,
2006,"Dublin","Fox Anthony",2117,2098,"na",,,,,,,,,,,,,,,,,,,,,,,,,,,
2006,"Dublin","MacElligott Gerard",2122,1903,"na",,,,,,,,,,,,,,,,,,,,,,,,,,,
2006,"Dublin","Cafolla Peter",2062,1966,"na",,,,,,,,,,,,,,,,,,,,,,,,,,,
2006,"Dublin","Delaney Killian",2096,1870,"na",,,,,,,,,,,,,,,,,,,,,,,,,,,
2006,"Dublin","Fitzsimons David",2160,2081,"na",,,,,,,,,,,,,,,,,,,,,,,,,,,
2006,"Dublin","Boyle Bernard",1944,1742,"na",,,,,,,,,,,,,,,,,,,,,,,,,,,
2006,"Dublin","Keogh Eamon",2108,2038,"NM",,,,,,,,,,,,,,,,,,,,,,,,,,,
2006,"Dublin","O'Leary Matt",1787,"na",,,,,,,,,,,,,,,,,,,,,,,,,,,,
2007,"Dublin","Hebden Mark",2519,2519,"GM",,,,,,,,,,,,,,,,,,,,,,,,,,,
2007,"Dublin","Pert, Nick",2525,2525,"GM",,,,,,,,,,,,,,,,,,,,,,,,,0,7,"1-2"
2007,"Dublin","Brady, Stephen",2349,2360,"FM",,,,,,,,,,,,,,,,,,,,,,,,,2,"6½","3-6"
2007,"Dublin","Kelly, Brian",2480,2480,"IM",,,,,,,,,,,,,,,,,,,,,,,,,1,"6½","3-6"
2007,"Dublin","Conquest, Stuart",2546,2546,"GM",,,,,,,,,,,,,,,,,,,,,,,,,2,"6½","3-6"
2007,"Dublin","Rozentalis, Eduardas",2578,2578,"GM",,,,,,,,,,,,,,,,,,,,,,,,,1,"6½","3-6"
2007,"Dublin","O'Connell, Gerard",2042,2146,"na",,,,,,,,,,,,,,,,,,,,,,,,,2,6,"7-8"
2007,"Dublin","Short, Philip",2277,2277,"FM",,,,,,,,,,,,,,,,,,,,,,,,,2,6,"7-8"
2007,"Dublin","Daly, Colm",2284,2353,"FM",,,,,,,,,,,,,,,,,,,,,,,,,3,"5½","9-13"
2007,"Dublin","Glienke, Manfred",2312,2312,"IM",,,,,,,,,,,,,,,,,,,,,,,,,1,"5½","9-13"
2007,"Dublin","MacElligott, Gerard",2019,2130,"na",,,,,,,,,,,,,,,,,,,,,,,,,1,"5½","9-13"
2007,"Dublin","Orr, Mark J. L.",2220,2293,"IM",,,,,,,,,,,,,,,,,,,,,,,,,2,"5½","9-13"
2007,"Dublin","Wall, Gavin",2324,2324,"IM",,,,,,,,,,,,,,,,,,,,,,,,,3,"5½","9-13"
2007,"Dublin","Fitzsimons, David",2130,2133,"na",,,,,,,,,,,,,,,,,,,,,,,,,3,5,"14-22"
2007,"Dublin","Fox, Anthony",2021,2087,"na",,,,,,,,,,,,,,,,,,,,,,,,,2,5,"14-22"
2007,"Dublin","Freeman, Gordon",2073,2100,"na",,,,,,,,,,,,,,,,,,,,,,,,,3,5,"14-22"
2007,"Dublin","Griffiths, Ryan-Rhys",1949,2103,"na",,,,,,,,,,,,,,,,,,,,,,,,,2,5,"14-22"
2007,"Dublin","Jeffares, Simon",2138,2095,"na",,,,,,,,,,,,,,,,,,,,,,,,,3,5,"14-22"
2007,"Dublin","Jessel, Stephen",2255,2356,"FM",,,,,,,,,,,,,,,,,,,,,,,,,3,5,"14-22"
2007,"Dublin","McMorrow, John",1883,,"na",,,,,,,,,,,,,,,,,,,,,,,,,2,5,"14-22"
2007,"Dublin","Osborne, Sam C.",1927,1929,"na",,,,,,,,,,,,,,,,,,,,,,,,,3,5,"14-22"
2007,"Dublin","Redmond, John",2207,2226,"na",,,,,,,,,,,,,,,,,,,,,,,,,3,5,"14-22"
2007,"Dublin","Boyle, Bernard",1803,1977,"na",,,,,,,,,,,,,,,,,,,,,,,,,3,"4½","23-29"
2007,"Dublin","Daly, Justin",1752,,"na",,,,,,,,,,,,,,,,,,,,,,,,,3,"4½","23-29"
2007,"Dublin","Kalam, Abul",,,"na",,,,,,,,,,,,,,,,,,,,,,,,,4,"4½","23-29"
2007,"Dublin","Keogh, Eamon",1998,2074,"NM",,,,,,,,,,,,,,,,,,,,,,,,,3,"4½","23-29"
2007,"Dublin","McCabe, Darren",1857,,"na",,,,,,,,,,,,,,,,,,,,,,,,,2,"4½","23-29"
2007,"Dublin","Salter, David",1786,1917,"na",,,,,,,,,,,,,,,,,,,,,,,,,2,"4½","23-29"
2007,"Dublin","Uí Laighléis, Gearóidín",1592,1986,"na",,,,,,,,,,,,,,,,,,,,,,,,,2,"4½","23-29"
2007,"Dublin","Cafolla, Peter",2009,2034,"na",,,,,,,,,,,,,,,,,,,,,,,,,4,4,"30-38"
2007,"Dublin","Egan, Colm",1740,,"na",,,,,,,,,,,,,,,,,,,,,,,,,4,4,"30-38"
2007,"Dublin","Große-Honebrink, Brigitte",1945,1945,"na",,,,,,,,,,,,,,,,,,,,,,,,,3,4,"30-38"
2007,"Dublin","Healy, John",1659,,"na",,,,,,,,,,,,,,,,,,,,,,,,,4,4,"30-38"
2007,"Dublin","McCarthy, Gerry",1880,,"na",,,,,,,,,,,,,,,,,,,,,,,,,4,4,"30-38"
2007,"Dublin","McCarthy, Tim",1939,2085,"na",,,,,,,,,,,,,,,,,,,,,,,,,2,4,"30-38"
2007,"Dublin","Murray, Jim",1732,,"na",,,,,,,,,,,,,,,,,,,,,,,,,5,4,"30-38"
2007,"Dublin","Normoyle, Liam",1995,1757,"na",,,,,,,,,,,,,,,,,,,,,,,,,3,4,"30-38"
2007,"Dublin","O'Leary, Matt",2052,2052,"na",,,,,,,,,,,,,,,,,,,,,,,,,4,4,"30-38"
2007,"Dublin","Delaney, Rory",1655,,"na",,,,,,,,,,,,,,,,,,,,,,,,,4,"3½","39-44"
2007,"Dublin","Doyle, Hugh",1404,,"na",,,,,,,,,,,,,,,,,,,,,,,,,3,"3½","39-44"
2007,"Dublin","Khonji, Hameed",,,"na",,,,,,,,,,,,,,,,,,,,,,,,,5,"3½","39-44"
2007,"Dublin","Loughran, John",1644,1789,"na",,,,,,,,,,,,,,,,,,,,,,,,,5,"3½","39-44"
2007,"Dublin","Palmer, Bernard",1897,1980,"na",,,,,,,,,,,,,,,,,,,,,,,,,5,"3½","39-44"
2007,"Dublin","Short, Stephen",1898,,"na",,,,,,,,,,,,,,,,,,,,,,,,,4,"3½","39-44"
2007,"Dublin","Hogarty, Philip",1944,1865,"na",,,,,,,,,,,,,,,,,,,,,,,,,5,3,"45-47"
2007,"Dublin","Jamieson, Ian",2014,2014,"na",,,,,,,,,,,,,,,,,,,,,,,,,5,3,"45-47"
2007,"Dublin","Twomey, Pat",1682,1894,"na",,,,,,,,,,,,,,,,,,,,,,,,,5,3,"45-47"
2007,"Dublin","Hronchek, Dan",,,"na",,,,,,,,,,,,,,,,,,,,,,,,,3,"2½","48-51"
2007,"Dublin","Launders, Patrick",1449,,"na",,,,,,,,,,,,,,,,,,,,,,,,,5,"2½","48-51"
2007,"Dublin","Maher, John",1394,,"na",,,,,,,,,,,,,,,,,,,,,,,,,6,"2½","48-51"
2007,"Dublin","Soikkeli, Raino",1607,,"na",,,,,,,,,,,,,,,,,,,,,,,,,5,"2½","48-51"
2007,"Dublin","Lynch, Peter J.",1651,,"na",,,,,,,,,,,,,,,,,,,,,,,,,7,2,52
2008,"Dublin","Baburin, Alexander",2534,2526,"GM",,,,,,,,,,,,,,,,,,,,,,,,,,,
2008,"Dublin","Greenfeld, Alon",2545,2545,"GM",,,,,,,,,,,,,,,,,,,,,,,,,,,
2008,"Dublin","Hebden, Mark",2520,2520,"GM",,,,,,,,,,,,,,,,,,,,,,,,,,,
2008,"Dublin","Jessel, Stephen",2239,2294,"FM",,,,,,,,,,,,,,,,,,,,,,,,,,,
2008,"Dublin","Butnorius, Algimantas",2442,2442,"GM",,,,,,,,,,,,,,,,,,,,,,,,,,,
2008,"Dublin","Daly, Colm",2277,2311,"FM",,,,,,,,,,,,,,,,,,,,,,,,,,,
2008,"Dublin","Short, Philip",2271,2300,"FM",,,,,,,,,,,,,,,,,,,,,,,,,,,
2008,"Dublin","Duffy, Séamus",1885,,,,,,,,,,,,,,,,,,,,,,,,,,,,,
2008,"Dublin","Fox, Anthony",2054,2068,,,,,,,,,,,,,,,,,,,,,,,,,,,,
2008,"Dublin","Griffiths, Ryan-Rhys",2100,2069,,,,,,,,,,,,,,,,,,,,,,,,,,,,
2008,"Dublin","Orr, Mark J. L.",2199,2258,"IM",,,,,,,,,,,,,,,,,,,,,,,,,,,
2008,"Dublin","Quinn, Ciarán",1923,2156,,,,,,,,,,,,,,,,,,,,,,,,,,,,
2008,"Dublin","Carosso, Andrea",2046,2046,,,,,,,,,,,,,,,,,,,,,,,,,,,,
2008,"Dublin","Conquest, Stuart",2536,2536,"GM",,,,,,,,,,,,,,,,,,,,,,,,,,,
2008,"Dublin","Fitzsimons, David",2118,2133,,,,,,,,,,,,,,,,,,,,,,,,,,,,
2008,"Dublin","Healy, John",1777,1864,,,,,,,,,,,,,,,,,,,,,,,,,,,,
2008,"Dublin","Loughran, John",1654,1805,,,,,,,,,,,,,,,,,,,,,,,,,,,,
2008,"Dublin","O'Connell, Gerard",2105,2122,,,,,,,,,,,,,,,,,,,,,,,,,,,,
2008,"Dublin","Redmond, John P.",2188,2188,,,,,,,,,,,,,,,,,,,,,,,,,,,,
2008,"Dublin","Weeks, Manuel",2174,2174,"FM",,,,,,,,,,,,,,,,,,,,,,,,,,,
2008,"Dublin","Benson, Oisín P.",1785,1852,,,,,,,,,,,,,,,,,,,,,,,,,,,,
2008,"Dublin","Daly, Justin",1868,,,,,,,,,,,,,,,,,,,,,,,,,,,,,
2008,"Dublin","Lyons, Brendan",1868,2088,,,,,,,,,,,,,,,,,,,,,,,,,,,,
2008,"Dublin","Doyle, Hugh",1688,,,,,,,,,,,,,,,,,,,,,,,,,,,,,
2008,"Dublin","Keogh, Eamon",2026,2092,"NM",,,,,,,,,,,,,,,,,,,,,,,,,,,
2008,"Dublin","McCarthy, Tim",1865,2020,,,,,,,,,,,,,,,,,,,,,,,,,,,,
2008,"Dublin","Porter, Liam",1812,,,,,,,,,,,,,,,,,,,,,,,,,,,,,
2008,"Dublin","Boyle, Bernard",1798,1945,,,,,,,,,,,,,,,,,,,,,,,,,,,,
2008,"Dublin","Short, Stephen",1871,2033,,,,,,,,,,,,,,,,,,,,,,,,,,,,
2008,"Dublin","Cafolla, Peter",2004,2055,,,,,,,,,,,,,,,,,,,,,,,,,,,,
2008,"Dublin","Uí Laighléis, Gearóidín",1581,1985,,,,,,,,,,,,,,,,,,,,,,,,,,,,
2008,"Dublin","Jeffares, Simon",2106,2111,,,,,,,,,,,,,,,,,,,,,,,,,,,,
2009,"Dublin","Colm Daly",2264,2308,"FM",7.5,,,,,,,,,,,,,,,,,,,,,,,,,,
2009,"Dublin","Atlas Valeri",2428,2428,"IM","6½",,,,,,,,,,,,,,,,,,,,,,,,,,
2009,"Dublin","Quinn Mark",2340,2404,"IM","6½",,,,,,,,,,,,,,,,,,,,,,,,,,
2009,"Dublin","Brady Stephen",2363,2384,"FM",6,,,,,,,,,,,,,,,,,,,,,,,,,,
2009,"Dublin","Fitzsimons David",2183,2167,,6,,,,,,,,,,,,,,,,,,,,,,,,,,
2009,"Dublin","Delaney John",2236,2227,"FM","5½",,,,,,,,,,,,,,,,,,,,,,,,,,
2009,"Dublin","Fox Anthony",2096,2086,,5,,,,,,,,,,,,,,,,,,,,,,,,,,
2009,"Dublin","Hegarty Sarah N.",2098,2098,,5,,,,,,,,,,,,,,,,,,,,,,,,,,
2009,"Dublin","MacElligott Gerard",1963,2115,,5,,,,,,,,,,,,,,,,,,,,,,,,,,
2009,"Dublin","O'Connell Gerard",2119,2121,,5,,,,,,,,,,,,,,,,,,,,,,,,,,
2009,"Dublin","Porter Liam",1882,,,5,,,,,,,,,,,,,,,,,,,,,,,,,,
2009,"Dublin","Redmond John P.",2113,2193,,5,,,,,,,,,,,,,,,,,,,,,,,,,,
2009,"Dublin","Short Philip",2265,2309,"FM",5,,,,,,,,,,,,,,,,,,,,,,,,,,
2009,"Dublin","Benson Oisín P.",1999,1967,,"4½",,,,,,,,,,,,,,,,,,,,,,,,,,
2009,"Dublin","Berney Mark",1839,,,"4½",,,,,,,,,,,,,,,,,,,,,,,,,,
2009,"Dublin","Fairbairn Stephen",2073,2073,,"4½",,,,,,,,,,,,,,,,,,,,,,,,,,
2009,"Dublin","Quinn Ciarán",1865,2133,,"4½",,,,,,,,,,,,,,,,,,,,,,,,,,
2009,"Dublin","Babei Angelica",2015,2015,,4,,,,,,,,,,,,,,,,,,,,,,,,,,
2009,"Dublin","Cafolla Peter",2036,2046,,4,,,,,,,,,,,,,,,,,,,,,,,,,,
2009,"Dublin","Moran Stephen",2004,1989,,4,,,,,,,,,,,,,,,,,,,,,,,,,,
2009,"Dublin","Murray David B.",2032,1981,,4,,,,,,,,,,,,,,,,,,,,,,,,,,
2009,"Dublin","Duffy Séamus",1891,2078,,"3½",,,,,,,,,,,,,,,,,,,,,,,,,,
2009,"Dublin","Boyle Bernard",1774,1936,,3,,,,,,,,,,,,,,,,,,,,,,,,,,
2009,"Dublin","Hayes Peter J.",1966,,,3,,,,,,,,,,,,,,,,,,,,,,,,,,
2009,"Dublin","Loughran John",1675,1939,,3,,,,,,,,,,,,,,,,,,,,,,,,,,
2009,"Dublin","Doyle Hugh",1931,1910,,"2½",,,,,,,,,,,,,,,,,,,,,,,,,,
2009,"Dublin","Healy John",1869,1859,,"2½",,,,,,,,,,,,,,,,,,,,,,,,,,
2009,"Dublin","Keogh Eamon",1907,2092,"NM","1½",,,,,,,,,,,,,,,,,,,,,,,,,,
2009,"Dublin","O'Leary Matt",1787,2053,,1,,,,,,,,,,,,,,,,,,,,,,,,,,
2010,"Dublin","Lopez Alex",2377,2367,"FM","7½",,,,,,,,,,,,,,,,,,,,,,,,,,
2010,"Dublin","Short Philip",2238,2296,"FM","6½",,,,,,,,,,,,,,,,,,,,,,,,,,
2010,"Dublin","Griffiths Ryan-Rhys",2251,2249,,6,,,,,,,,,,,,,,,,,,,,,,,,,,
2010,"Dublin","Rodriguez Lopez Rafael",2312,2312,"IM",6,,,,,,,,,,,,,,,,,,,,,,,,,,
2010,"Dublin","Delaney John",2198,2210,"FM","5½",,,,,,,,,,,,,,,,,,,,,,,,,,
2010,"Dublin","Orr Mark J. L.",2174,2247,"IM","5½",,,,,,,,,,,,,,,,,,,,,,,,,,
2010,"Dublin","Quinn Ciarán",1943,2104,,"5½",,,,,,,,,,,,,,,,,,,,,,,,,,
2010,"Dublin","Redmond John",2113,2205,,"5½",,,,,,,,,,,,,,,,,,,,,,,,,,
2010,"Dublin","Brady Stephen",2354,2376,"FM",5,,,,,,,,,,,,,,,,,,,,,,,,,,
2010,"Dublin","Murray David",1962,2021,,5,,,,,,,,,,,,,,,,,,,,,,,,,,
2010,"Dublin","Butler Kevin",1955,2054,,"4½",,,,,,,,,,,,,,,,,,,,,,,,,,
2010,"Dublin","Delaney Killian",1999,2034,,"4½",,,,,,,,,,,,,,,,,,,,,,,,,,
2010,"Dublin","Duffy Séamus",1876,1996,,"4½",,,,,,,,,,,,,,,,,,,,,,,,,,
2010,"Dublin","Fitzsimons David",2260,2263,,"4½",,,,,,,,,,,,,,,,,,,,,,,,,,
2010,"Dublin","Fox Anthony",2073,2129,,"4½",,,,,,,,,,,,,,,,,,,,,,,,,,
2010,"Dublin","O'Connell Gerard",2095,2136,,"4½",,,,,,,,,,,,,,,,,,,,,,,,,,
2010,"Dublin","Wallace Paul",2194,2242,,"4½",,,,,,,,,,,,,,,,,,,,,,,,,,
2010,"Dublin","Cafolla Peter",2028,2090,,4,,,,,,,,,,,,,,,,,,,,,,,,,,
2010,"Dublin","McCabe Darren",1892,2000,,4,,,,,,,,,,,,,,,,,,,,,,,,,,
2010,"Dublin","Porter Liam",1863,1976,,4,,,,,,,,,,,,,,,,,,,,,,,,,,
2010,"Dublin","Boyle Bernard",1850,1943,,"3½",,,,,,,,,,,,,,,,,,,,,,,,,,
2010,"Dublin","Daly Colm",2303,2322,"FM","3½",,,,,,,,,,,,,,,,,,,,,,,,,,
2010,"Dublin","Keogh Eamon",1892,2047,"NM","3½",,,,,,,,,,,,,,,,,,,,,,,,,,
2010,"Dublin","Palmer Bernard",1965,2012,,"3½",,,,,,,,,,,,,,,,,,,,,,,,,,
2010,"Dublin","Kalam Abul",1880,1646,,3,,,,,,,,,,,,,,,,,,,,,,,,,,
2010,"Dublin","O'Rourke Ray",1932,2066,,3,,,,,,,,,,,,,,,,,,,,,,,,,,
2010,"Dublin","Benson Oisín P.",1970,2062,,"2½",,,,,,,,,,,,,,,,,,,,,,,,,,
2010,"Dublin","Loughran John",1726,1928,,"2½",,,,,,,,,,,,,,,,,,,,,,,,,,
2011,"Dublin","Brady Stephen",2335,2190,"FM","7½",,,,,,,,,,,,,,,,,,,,,,,,,,
2011,"Dublin","Redmond John P.",2134,2357,,7,,,,,,,,,,,,,,,,,,,,,,,,,,
2011,"Dublin","McMahon Daire",2172,2196,,"6½",,,,,,,,,,,,,,,,,,,,,,,,,,
2011,"Dublin","Jones Iolo",2286,2286,"CM",6,,,,,,,,,,,,,,,,,,,,,,,,,,
2011,"Dublin","Josse Mark",2176,2176,,"5½",,,,,,,,,,,,,,,,,,,,,,,,,,
2011,"Dublin","Freeman Gordon",2066,2179,,5,,,,,,,,,,,,,,,,,,,,,,,,,,
2011,"Dublin","Moran Stephen",1934,1983,,5,,,,,,,,,,,,,,,,,,,,,,,,,,
2011,"Dublin","O'Connell Gerard",2111,2142,,5,,,,,,,,,,,,,,,,,,,,,,,,,,
2011,"Dublin","Prizant Michael",2126,2126,,5,,,,,,,,,,,,,,,,,,,,,,,,,,
2011,"Dublin","Short Philip",2246,2293,"FM",5,,,,,,,,,,,,,,,,,,,,,,,,,,
2011,"Dublin","Cafolla Peter",1986,2053,,"4½",,,,,,,,,,,,,,,,,,,,,,,,,,
2011,"Dublin","Daly Colm",2258,2305,"FM","4½",,,,,,,,,,,,,,,,,,,,,,,,,,
2011,"Dublin","Fox Anthony",2056,2087,,"4½",,,,,,,,,,,,,,,,,,,,,,,,,,
2011,"Dublin","Janusaitis Mindaugas",1837,1968,,"4½",,,,,,,,,,,,,,,,,,,,,,,,,,
2011,"Dublin","Murray David",2080,2096,,"4½",,,,,,,,,,,,,,,,,,,,,,,,,,
2011,"Dublin","Benson Oisín P.",1879,2003,,4,,,,,,,,,,,,,,,,,,,,,,,,,,
2011,"Dublin","Courtney John",2059,,,4,,,,,,,,,,,,,,,,,,,,,,,,,,
2011,"Dublin","King Melvyn",1753,1980,,4,,,,,,,,,,,,,,,,,,,,,,,,,,
2011,"Dublin","McCabe Darren",1949,2024,,4,,,,,,,,,,,,,,,,,,,,,,,,,,
2011,"Dublin","Keogh Eamon",1897,2015,"NM","3½",,,,,,,,,,,,,,,,,,,,,,,,,,
2011,"Dublin","O'Connor Jonathan",2062,2124,,"3½",,,,,,,,,,,,,,,,,,,,,,,,,,
2011,"Dublin","Reynolds Pat",1857,2043,,"3½",,,,,,,,,,,,,,,,,,,,,,,,,,
2011,"Dublin","Doyle Hugh",1819,1909,,3,,,,,,,,,,,,,,,,,,,,,,,,,,
2011,"Dublin","O'Rourke Ray",1914,2038,,3,,,,,,,,,,,,,,,,,,,,,,,,,,
2011,"Dublin","Loughran John",1719,1916,,2,,,,,,,,,,,,,,,,,,,,,,,,,,
2011,"Dublin","Twomey Pat",1707,1881,,"1½",,,,,,,,,,,,,,,,,,,,,,,,,,
2012,"Dublin","Brady Stephen",2372,2338,"FM","6½",,,,,,,,,,,,,,,,,,,,,,,,,,
2012,"Dublin","Daly  Colm",2280,2328,"FM","6½",,,,,,,,,,,,,,,,,,,,,,,,,,
2012,"Dublin","Firstov Juri",2218,2340,,"6½",,,,,,,,,,,,,,,,,,,,,,,,,,
2012,"Dublin","Fitzsimons David",2258,2300,,6,,,,,,,,,,,,,,,,,,,,,,,,,,
2012,"Dublin","Cafolla Peter",1914,2193,,"5½",,,,,,,,,,,,,,,,,,,,,,,,,,
2012,"Dublin","O'Connell Gerard",2106,2264,,"5½",,,,,,,,,,,,,,,,,,,,,,,,,,
2012,"Dublin","Redmond John",2163,2236,,"5½",,,,,,,,,,,,,,,,,,,,,,,,,,
2012,"Dublin","Courtney John",1849,2075,,4,,,,,,,,,,,,,,,,,,,,,,,,,,
2012,"Dublin","Gedvilaite Monika",1965,2048,,4,,,,,,,,,,,,,,,,,,,,,,,,,,
2012,"Dublin","Freeman Gordon",2107,1984,,"3½",,,,,,,,,,,,,,,,,,,,,,,,,,
2012,"Dublin","Killane Jack",1794,2012,,"3½",,,,,,,,,,,,,,,,,,,,,,,,,,
2012,"Dublin","O'Rourke Ray",1883,2009,,"3½",,,,,,,,,,,,,,,,,,,,,,,,,,
2012,"Dublin","Janusaitis Mindaugas",1948,1750,,"1½",,,,,,,,,,,,,,,,,,,,,,,,,,
2012,"Dublin","King Melvyn",1716,1666,,1,,,,,,,,,,,,,,,,,,,,,,,,,,
2013,"Limerick","Daly Colm",2298,2339,"FM",7,,,,,,,,,,,,,,,,,,,,,,,,,,
2013,"Limerick","Redmond John P.",2176,2217,,"6½",,,,,,,,,,,,,,,,,,,,,,,,,,
2013,"Limerick","Short Philip",2245,2260,"FM","6½",,,,,,,,,,,,,,,,,,,,,,,,,,
2013,"Limerick","Fitzsimons David",2312,2331,,"5½",,,,,,,,,,,,,,,,,,,,,,,,,,
2013,"Limerick","Ó Cinnéide Mel",2171,2225,"FM","5½",,,,,,,,,,,,,,,,,,,,,,,,,,
2013,"Limerick","Delaney Killian",2067,2117,,5,,,,,,,,,,,,,,,,,,,,,,,,,,
2013,"Limerick","Hughes John L.",2046,2046,,5,,,,,,,,,,,,,,,,,,,,,,,,,,
2013,"Limerick","Quinn Rory",2071,2101,,5,,,,,,,,,,,,,,,,,,,,,,,,,,
2013,"Limerick","Walsh Paul",2017,2118,,5,,,,,,,,,,,,,,,,,,,,,,,,,,
2013,"Limerick","Fox Anthony",2027,2093,,"4½",,,,,,,,,,,,,,,,,,,,,,,,,,
2013,"Limerick","O'Connor Jonathan",2140,2149,,"4½",,,,,,,,,,,,,,,,,,,,,,,,,,
2013,"Limerick","Orr Mark J L",2208,2247,"IM","4½",,,,,,,,,,,,,,,,,,,,,,,,,,
2013,"Limerick","Cormican John",1803,1965,,4,,,,,,,,,,,,,,,,,,,,,,,,,,
2013,"Limerick","Freeman Gordon",2023,2047,,4,,,,,,,,,,,,,,,,,,,,,,,,,,
2013,"Limerick","Crichton Martin",1845,1965,,"3½",,,,,,,,,,,,,,,,,,,,,,,,,,
2013,"Limerick","O'Rourke Ray",1907,2023,,"3½",,,,,,,,,,,,,,,,,,,,,,,,,,
2013,"Limerick","MacElligott Gerard",1908,2050,"CM",3,,,,,,,,,,,,,,,,,,,,,,,,,,
2013,"Limerick","Quinn Ciarán",2031,2098,,3,,,,,,,,,,,,,,,,,,,,,,,,,,
2013,"Limerick","O'Grady Martin",1806,1903,,"2½",,,,,,,,,,,,,,,,,,,,,,,,,,
2013,"Limerick","Twomey Pat",1677,1875,,2,,,,,,,,,,,,,,,,,,,,,,,,,,
2013,"Limerick","O'Flaherty Kevin",1759,1880,,1,,,,,,,,,,,,,,,,,,,,,,,,,,
2014,"Dublin","Collins Sam",2477,2488,"IM",8,,,,,,,,,,,,,,,,,,,,,,,,,,
2014,"Dublin","Jessel Stephen",2236,2321,"FM","7½",,,,,,,,,,,,,,,,,,,,,,,,,,
2014,"Dublin","Fitzsimons David",2282,2351,"FM","6½",,,,,,,,,,,,,,,,,,,,,,,,,,
2014,"Dublin","Short Philip",2257,2274,"FM",6,,,,,,,,,,,,,,,,,,,,,,,,,,
2014,"Dublin","MacElligott Gerard",1865,2013,"CM","5½",,,,,,,,,,,,,,,,,,,,,,,,,,
2014,"Dublin","Brady Stephen",2300,2338,"FM",5,,,,,,,,,,,,,,,,,,,,,,,,,,
2014,"Dublin","Daly Colm",2288,2333,"FM",5,,,,,,,,,,,,,,,,,,,,,,,,,,
2014,"Dublin","Ó Cinnéide Mel",2161,2227,,5,,,,,,,,,,,,,,,,,,,,,,,,,,
2014,"Dublin","O'Connor Jonathan",2119,2150,,5,,,,,,,,,,,,,,,,,,,,,,,,,,
2014,"Dublin","O'Donnell Conor",2123,2122,,5,,,,,,,,,,,,,,,,,,,,,,,,,,
2014,"Dublin","Redmond John P.",2196,2259,,5,,,,,,,,,,,,,,,,,,,,,,,,,,
2014,"Dublin","Wallace Paul",2192,2170,,5,,,,,,,,,,,,,,,,,,,,,,,,,,
2014,"Dublin","Butler Kevin C.",1903,2026,,"4½",,,,,,,,,,,,,,,,,,,,,,,,,,
2014,"Dublin","McMahon Daire",2151,2153,"FM","4½",,,,,,,,,,,,,,,,,,,,,,,,,,
2014,"Dublin","Murray David B.",2048,2141,,"4½",,,,,,,,,,,,,,,,,,,,,,,,,,
2014,"Dublin","O'Connell Gerard",2088,2132,,"4½",,,,,,,,,,,,,,,,,,,,,,,,,,
2014,"Dublin","Palmer Bernard",1957,2026,,"4½",,,,,,,,,,,,,,,,,,,,,,,,,,
2014,"Dublin","Bourached Anthony",1939,1965,,4,,,,,,,,,,,,,,,,,,,,,,,,,,
2014,"Dublin","Cafolla Peter",1983,1994,,4,,,,,,,,,,,,,,,,,,,,,,,,,,
2014,"Dublin","Fox Anthony",2023,2059,,4,,,,,,,,,,,,,,,,,,,,,,,,,,
2014,"Dublin","Freeman Gordon",2059,2077,,4,,,,,,,,,,,,,,,,,,,,,,,,,,
2014,"Dublin","Harding Tim",1988,2126,,4,,,,,,,,,,,,,,,,,,,,,,,,,,
2014,"Dublin","Benson Oisín P",2004,2040,,"3½",,,,,,,,,,,,,,,,,,,,,,,,,,
2014,"Dublin","Loughran John",1588,1872,,"3½",,,,,,,,,,,,,,,,,,,,,,,,,,
2014,"Dublin","McGovern Leahy Cian",1893,,,3,,,,,,,,,,,,,,,,,,,,,,,,,,
2014,"Dublin","Twomey Pat",1723,1872,,3,,,,,,,,,,,,,,,,,,,,,,,,,,
2014,"Dublin","O'Rourke Ray",1899,1997,,"2½",,,,,,,,,,,,,,,,,,,,,,,,,,
2014,"Dublin","Reynolds Pat",1830,1990,,"2½",,,,,,,,,,,,,,,,,,,,,,,,,,
2014,"Dublin","Killane Jack",1747,1934,,2,,,,,,,,,,,,,,,,,,,,,,,,,,
2014,"Dublin","King Melvyn",1672,1874,,0,,,,,,,,,,,,,,,,,,,,,,,,,,
2015,"Dublin","Brady Stephen",2310,2349,"FM","6½",,,,,,,,,,,,,,,,,,,,,,,,,,
2015,"Dublin","Short Philip",2233,2294,"FM","6½",,,,,,,,,,,,,,,,,,,,,,,,,,
2015,"Dublin","Daly Colm",2250,2319,"FM",6,,,,,,,,,,,,,,,,,,,,,,,,,,
2015,"Dublin","Fitzsimons David",2337,2416,"FM",6,,,,,,,,,,,,,,,,,,,,,,,,,,
2015,"Dublin","Jessel Stephen",2274,2352,"FM",6,,,,,,,,,,,,,,,,,,,,,,,,,,
2015,"Dublin","O'Donnell Conor",2202,2263,"FM",6,,,,,,,,,,,,,,,,,,,,,,,,,,
2015,"Dublin","MacElligott Gerard",1941,2062,"CM",5,,,,,,,,,,,,,,,,,,,,,,,,,,
2015,"Dublin","O'Connell Gerard",2000,2106,,5,,,,,,,,,,,,,,,,,,,,,,,,,,
2015,"Dublin","Harding Tim",1949,2085,,"4½",,,,,,,,,,,,,,,,,,,,,,,,,,
2015,"Dublin","Li Henry",1775,1866,,"4½",,,,,,,,,,,,,,,,,,,,,,,,,,
2015,"Dublin","Palmer Bernard",1928,2022,,"4½",,,,,,,,,,,,,,,,,,,,,,,,,,
2015,"Dublin","Boland Dylan",1667,1682,,4,,,,,,,,,,,,,,,,,,,,,,,,,,
2015,"Dublin","Fox Anthony",2002,2035,,4,,,,,,,,,,,,,,,,,,,,,,,,,,
2015,"Dublin","Kennedy John P. A.",2017,2074,,4,,,,,,,,,,,,,,,,,,,,,,,,,,
2015,"Dublin","O'Gorman Tom",1861,1859,,4,,,,,,,,,,,,,,,,,,,,,,,,,,
2015,"Dublin","O'Rourke Ray",1847,1984,,4,,,,,,,,,,,,,,,,,,,,,,,,,,
2015,"Dublin","Mulligan Scott",1947,1957,,"3½",,,,,,,,,,,,,,,,,,,,,,,,,,
2015,"Dublin","Crichton Martin",1845,1973,,3,,,,,,,,,,,,,,,,,,,,,,,,,,
2015,"Dublin","O'Neill Paul",1728,1954,,"2½",,,,,,,,,,,,,,,,,,,,,,,,,,
